{"cameraMode":{"drawMode":0,"name":"Shaded","section":"Shading Mode"},"sceneLighting":true,"audioPlay":false,"sceneViewState":{"showFog":true,"showMaterialUpdate":false,"showSkybox":true,"showFlares":true,"showImageEffects":true,"showParticleSystems":true},"in2DMode":false,"pivot":{"x":-4.28439998626709,"y":1.630789875984192,"z":4.383628845214844},"rotation":{"x":0.1727021187543869,"y":0.23535798490047456,"z":-0.042555175721645358,"w":0.9555535316467285},"size":1.1547656059265137,"orthographic":false}