{"cameraMode":{"drawMode":0,"name":"Shaded","section":"Shading Mode"},"sceneLighting":false,"audioPlay":false,"sceneViewState":{"showFog":true,"showMaterialUpdate":false,"showSkybox":false,"showFlares":true,"showImageEffects":true,"showParticleSystems":true},"in2DMode":false,"pivot":{"x":0.16947412490844727,"y":-0.27026110887527468,"z":-0.3471871614456177},"rotation":{"x":-0.5099022388458252,"y":-0.16380675137043,"z":0.09960032999515534,"w":-0.8386014103889465},"size":4.50538444519043,"orthographic":false}