{"cameraMode":{"drawMode":0,"name":"Shaded","section":"Shading Mode"},"sceneLighting":true,"audioPlay":false,"sceneViewState":{"showFog":true,"showMaterialUpdate":false,"showSkybox":true,"showFlares":true,"showImageEffects":true,"showParticleSystems":true},"in2DMode":false,"pivot":{"x":0.016991019248962404,"y":4.520604133605957,"z":-0.32068920135498049},"rotation":{"x":0.1065036952495575,"y":-0.04473728686571121,"z":0.0047704377211630348,"w":0.993325412273407},"size":2.888169288635254,"orthographic":false}