{"cameraMode":{"drawMode":0,"name":"Shaded","section":"Shading Mode"},"sceneLighting":true,"audioPlay":false,"sceneViewState":{"showFog":true,"showMaterialUpdate":false,"showSkybox":true,"showFlares":true,"showImageEffects":true,"showParticleSystems":true},"in2DMode":false,"pivot":{"x":0.8574428558349609,"y":3.3854990005493166,"z":-0.17946910858154298},"rotation":{"x":0.2210889309644699,"y":0.19649793207645417,"z":0.04553021490573883,"w":-0.9541680812835693},"size":7.227403163909912,"orthographic":false}